verse,source,author,tags,explanation,likes
人心惟危，道心惟微，惟精惟一，允执厥中。,尚书·虞书·大禹谟,佚名,人心，道心，精微,人心是危险难安的，道心却微妙难明。惟有精心体察，专心守住，才能坚持一条不偏不倚的正确路线。允执厥中：谓言行符合不偏不倚的中正之道。此句是儒学乃至中国文化传统中著名的"十六字心传"，孔门儒学主张根据这十六个字去治理国家、教化人民。,2456
富在术数，不在劳身；利在势居，不在力耕。,盐铁论·通有篇,西汉·桓宽,努力，思维，富裕,强调财富积累和利益获取的关键在于策略谋划与格局把握，而非单纯依赖体力劳动。这一观点揭示了资源分配、战略思维与时代趋势的重要性，对现代经济管理、个人发展仍有深刻启示。,1872
你看到的永远只是你想看到的。,,佚名,认知偏差,人类大脑会自动过滤不符合自身预设的信息，揭露"客观事实"的欺骗性。,1567
暴力革命从不会带来真正的平等，只会制造新的特权阶级。,动物农场,乔治·奥威尔,政治哲学,历史证明，推翻权力结构后，新统治集团往往会复刻旧体系的剥削模式。,2890
免费的东西最昂贵。,,注意力经济理论,商业逻辑,免费服务实际用用户的注意力/数据支付成本，用户才是被销售的商品。,2345
所有利润都来自于认知差。,,乔治·索罗斯,商业本质,消除认知差=消灭利润空间，商业竞争本质是认知竞争。,1987
技术进步不会消灭贫困，只是重新定义贫困。,未来简史,尤瓦尔·赫拉利,社会演化,贫困永远相对存在，现在的贫困可能是"无法支付脑机接口费用"。,2678
群体决策的质量取决于最无知的那个人。,,孔多塞,决策陷阱,民主投票中，一个无知者的选择可能抵消多个理性人的正确判断。,1456
你无法用制造问题的思维来解决问题。,,爱因斯坦,系统思维,跳出原有框架才能破局，延长工作时间不如改变工作方式。,2789
当你说"我没得选"时，其实已做出了选择。,存在与虚无,让-保罗·萨特,存在主义,声称被迫本质是权衡代价后的选择，人永远保有选择权。,1678
法律保护你时已默认你无力自保。,利维坦延伸,托马斯·霍布斯,权力规则,法律本质是弱者与强者的契约，维权行为已承认弱势地位。,2345
你永远赚不到认知以外的钱。,,佚名,商业本质,财富的积累本质上是认知能力的兑现，市场机会永远存在，但能否识别并抓住取决于个人的认知水平。依靠运气或信息不对称赚取的财富，往往会在认知不足的情况下亏回去。真正的致富路径是持续拓展认知边界。盲目跟风投资容易成为"韭菜"。破除方法是：1）建立能力圈（只投懂的领域）2）记录错题本（复盘错误决策）3）遵守"不懂不做"铁律。,2987
战争是政治的延续。,战争论,克劳塞维茨,政治哲学,军事行动从来不是孤立的，而是服务于政治目标。历史上所有战争的背后，本质是利益冲突在武力层面的表现。理解这一点，可以避免对战争过于浪漫化或简单化的解读，而能从地缘政治、资源争夺等更深层次分析冲突。,2567
存在先于本质。,存在主义,萨特,哲学,人并没有天生的"本性"，而是通过自己的选择和行动塑造自己。这否定了一切决定论，强调人的自由意志和责任。这意味着个人可以通过主动作为改变命运，而不是被动接受社会或命运的设定。,1789
权力导致腐败，绝对权力导致绝对腐败。,,阿克顿勋爵,权力规则,任何权力，如果缺乏制衡，最终都会走向滥用和腐化。这一规律适用于政治、商业甚至家庭关系。正因为如此，民主制度、分权机制和监察体系不可或缺。认识到这一点，才能更好地设计组织结构和治理方式。,2678
人类的悲剧在于懂得太多道理却依然过不好这一生。,,佚名,生活哲学,信息爆炸的时代，人们掌握的理论知识远超过去，但许多人仍然陷入焦虑、迷茫和低效循环。问题不在于知道得太少，而在于行动力不足，或者理论无法与实践结合。真正的智慧在于知行合一的选择和执行。,2345
所有的真爱都将通向自我救赎。,,佚名,情感智慧,真正的爱不是依赖、索取或控制，而是双向成长，最终让彼此成为更完整的人。那些让你沉迷却阻碍发展的"爱"，本质是消耗。健康的关系应促进双方的独立和进化，而不是制造共生依赖。,1890
市场永远是对的。,,佚名,投资哲学,市场价格反映了所有已知信息的综合作用，包括投资者心理、经济数据、政策变动等。如果市场走势与个人预判相反，往往不是因为市场"犯错"，而是个人认知存在盲点。成功投资者必须学会跟随市场，而非固执己见。,2567
世界上只有一种英雄主义，就是看清生活的真相依然热爱生活。,约翰·克里斯多夫,罗曼·罗兰,生活哲学,纯粹的乐观主义是愚蠢的，纯粹的悲观主义是软弱的。真正的强大在于认知现实的残酷后，依然选择积极前行。这种态度不仅能提升个人韧性，还能感染他人，形成更强大的生命力。,2789
你所在的位置决定了你看到的世界。,,佚名,认知偏差,人对世界的理解受限于其所处的阶层、经历和立场。一个企业高管和一个普通员工对公司的评价完全不同，并非因为某一方在说谎，而是视角不同。意识到这一点，能减少偏见，提高换位思考能力。,1678
最好的投资是投资自己。,,佚名,个人成长,无论是学习技能、培养思维还是改善健康，对个人的投入永远比股票、房产等更可靠。外界因素可能带来风险，但自己的认知和能力增长没有天花板，且不会被轻易夺走。这也是为什么顶级人士普遍具有终身学习的习惯。,2345
在焦虑的时代，最稀缺的资源不是时间，而是专注力。,,佚名,行为心理学，注意力经济,研究表明人类平均专注时间已从2000年的12秒降至8秒。深度工作能力成为新时代核心竞争力，要建立"数字戒断"机制，通过物理隔离、番茄工作法等保护专注力。每天2-3小时的深度专注产出远超8小时碎片化工作。,2890
当技术迭代速度快于学习速度时，文盲不再是不识字的人，而是不会学习的人。,,佚名,未来教育，认知升级,现代知识半衰期已缩短至2-3年，传统"一次性学习"模式失效。掌握元学习能力（学习如何学习）比具体知识更重要，要构建可迁移的底层思维模型，培养快速适应新领域的能力。,1567
贫穷不是缺少金钱，而是被困在稀缺心态的牢笼里。,稀缺,穆来纳森,行为经济学，贫困研究,哈佛研究显示，长期贫困会导致认知带宽下降13个IQ点。稀缺心态让人过度关注短期生存，忽视长期投资。破除方法是建立"余闲"机制，强制储蓄10%收入，预留决策缓冲期。,2678
所有伟大的商业模式，本质上都在解决一个根本性的认知失调。,,佚名,商业本质，心理学,谷歌解决信息过载与搜索需求的矛盾，Uber解决车辆闲置与出行难的矛盾。识别社会集体认知盲区，找到人们"觉得应该存在但尚未出现"的解决方案，是创新关键。,2345
历史给人的唯一教训，就是人类从不吸取历史教训。,,黑格尔,历史哲学，行为模式,金融危机每隔7-10年周期性爆发，战争模式在科技迭代中重复上演。群体记忆只有80年（三代人），制度设计必须包含对抗人性弱点的机制，如美联储独立制度。,1890
未来已来，只是分布不均。,,吉布森,科技发展，社会趋势,任何颠覆性技术都经历"实验室-早期采用者-主流市场"的扩散曲线。观察硅谷、深圳等创新高地的前沿实践，能提前5-10年预见主流社会变化。要建立未来探测器机制。,2567
真正的阶层固化，是认知模式的固化。,,佚名,社会结构，思维升级,MIT实验显示：高收入群体更倾向成长型思维。突破阶层需要先突破思维惯性，包括从消费者思维转向生产者思维，从雇员逻辑转向所有者逻辑。每周挑战一个认知盲区。,2789
数据是新时代的石油，而算法是炼油厂。,,佚名,数字经济，AI时代,原始数据价值密度极低，需通过特征工程、机器学习转化为决策洞见。个人要培养数据素养：掌握基础SQL、可视化工具，建立量化决策习惯。企业要搭建数据飞轮闭环。,1678
风险不是坏事，真正的风险是不愿承担任何风险。,,塔勒布,投资哲学，反脆弱,反脆弱系统需要在日常承受可控压力（如疫苗原理）。个人职业发展应保持80%稳定+20%冒险组合，用"风险预算"管理机制控制试错成本。每月尝试突破舒适区一次。,2345
你永远不可能准备好，完美的准备是不存在的。,,佚名,执行决策，行动管理,NASA数据显示：过度规划导致42%创业项目流产。"70分准备+立即行动"法则更有效，在行动中迭代。建立最小可行产品（MVP）思维，每天完成3个最重要的行动项。,2890
任何足够先进的科技，都与魔法无异。,,克拉克,科技演进，认知边界,技术发展遵循加速回报定律，当某项技术突破临界点（如GPT-3的参数规模），其能力表现会出现质变。保持对前沿科技的趋势观察，区分"真突破"与"伪概念"（如区分区块链与Web3泡沫）。,1567
我们高估了技术的短期影响，低估了长期影响。,,罗伊·阿马拉,技术预测，社会影响,Gartner曲线表明，新技术会经历"过高期望-幻灭低谷-稳步爬升"的周期。自动驾驶从2016年狂热到2023年实用化即典型例证。建议用10年视角评估技术价值，避开早期炒作陷阱。,2678
AI不会取代人类，但会用AI的人将取代不用AI的人。,,卡普兰,人机协作，职业发展,麦肯锡研究显示：到2030年，熟练使用AI工具的从业者生产力将提升40%。构建"人类独特优势+AI增强"的能力组合（如创意设计+Midjourney应用），是未来核心竞争力。,2345
代码正在吞噬世界。,,安德森,数字经济，产业转型,全球Top 10企业中有7家是软件公司（2023）。传统企业数字化转型需关注：1）业务逻辑算法化 2）组织架构敏捷化 3）决策系统数据化。每周学习基础编程概念（如API调用）。,1890
商业的本质是发现需求并高效满足。,,德鲁克,商业本质，价值创造,需求洞察比技术创新更重要。美团发现"30分钟送达"比"美食创新"更重要，拼多多抓住"价格敏感型电商"空白。用JTBD（Jobs to be done）框架分析用户真实需求。,2567
所有成功的创业都是被拒绝1000次后的坚持。,,,创业心理，韧性培养,Airbnb被拒7次，SpaceX前三次发射失败。建立"验证-迭代"的闭环机制：1）设置明确失败标准 2）每次失败提取3条经验 3）建立心理缓冲资金。,2789
毛利率是虚假的，现金流才是真实的。,,,财务思维，商业决策,90%破产企业有账面利润但现金流断裂。建立：1）13周滚动现金流预测 2）应收账款分级管理 3）存货周转监控体系。毛利率低于20%的业务需特别警惕。,1678
战略不是选择做什么，而是选择不做什么。,,波特,战略管理，决策聚焦,苹果砍掉打印机业务专注移动设备，Netflix放弃DVD转型流媒体。用"三圈理论"（擅长/热爱/赚钱）评估业务取舍，每年做战略减法。,2345
你不能控制情绪，但能控制对情绪的反应。,,维克多·弗兰克尔,情绪管理，认知重构,情绪产生到消退的自然周期是90秒。建立"觉察-命名-重构"应对链：当愤怒时，先物理暂停（如喝水），用"我感到..."句式表达，最后问"这个情绪想保护我什么？"。,2890
习惯是自我改变的复利。,,杜希格,行为设计，习惯养成,1%的日常改进经365天将带来37倍成长。用"触发器-行为-奖励"循环构建微习惯：从每天2分钟冥想/5个俯卧撑开始，配合Success Journal记录。,1567
所有心理问题都是关系问题。,,阿德勒,人际关系，心理治疗,抑郁症患者的社会连接度比常人低47%。建立"三层社交圈"：5人挚友圈（深度连接）+15人支持圈+150人弱连接圈。每周主动维护3段重要关系。,2678
暴力是一个集团垄断的合法权力。,,韦伯,政治学，权力本质,国家定义包含"暴力垄断"特征。理解现代社会暴力形态的演变：从物理暴力（战争）→法律暴力（制裁）→符号暴力（舆论）。政治决策需考量力量平衡。,2345
历史没有真相，只残存一个道理。,,吴思,历史观，认知局限,考古发现不断改写历史认知（如三星堆颠覆中原中心论）。分析历史事件时区分：1）事实层（文物/档案）2）解释层（史观影响）3）应用层（现代启示）。,1890
当真相在穿鞋的时候，谎言已经跑遍了半个世界。,,丘吉尔,信息传播，真相认知,研究表明，虚假信息传播速度是真新闻的6倍。应对策略：1）核查信源（WHOIS/反向图片搜索）2）警惕情绪化标题（"震惊！""速看！"）3）建立"延迟判断"习惯（24小时后再评论）。,2567
世界上有两件事最难：把自己的思想装进别人的脑袋，把别人的钱装进自己的口袋。,,佚名,营销说服，商业逻辑,前者是教育（如马斯克推广电动汽车），后者是销售（如苹果高溢价策略）。破解方法：1）找到对方"心理痛点"2）构建可信权威（数据/案例）3）设计低门槛体验（如特斯拉试驾）。,2789
卑鄙是卑鄙者的通行证，高尚是高尚者的墓志铭。,,北岛,社会规则，人性洞察,在丛林法则环境下，过于理想主义可能导致失败。现实策略：1）建立"灰度认知"（非黑非白）2）设置道德底线（"哪些事绝不做"）3）学会保护自身利益（法律/合约）。,1678
群众从未渴求过真理，他们对不合口味的证据视而不见。谁向他们提供幻觉，谁就可以轻易成为他们的主人。,《乌合之众》,勒庞,群体心理，舆论操控,信息茧房效应使人们更易接受符合已有观点的信息。应对方法：1）主动关注对立观点2）用"苏格拉底式提问"检验自身立场3）警惕煽动性语言（"我们vs他们"）。,2345
多数人为了逃避真正的思考，愿意做任何事。,,佚名,思维懒惰，认知努力,美团王兴曾用此解释商业竞争。破解方法：1）建立"深度思考时段"（每周3小时）2）使用思维工具（5W1H/第一性原理）3）记录思考过程（思维导图/文字）。,2890
杀不死我的，会让我更强大。,《偶像的黄昏》,尼采,逆境成长，韧性培养,生理学中的"超量恢复"原理也适用于心理——适度压力能提升韧性。操作建议：1）设定"可控挑战"（难度递增）2）训练事后复盘（提取3个经验）3）建立支持系统（导师/伙伴）。,1567
免费的其实是最贵的。,,佚名,商业模型，用户心智,免费模式通过时间成本（广告）、数据资产（个性化推荐）、后续变现（增值服务）获利。决策时计算：1）隐形代价（隐私/注意力）2）机会成本（省下的钱VS浪费的时间）。,2678
通货膨胀是对无知者的征税。,,弗里德曼,经济原理，财富管理,历史数据显示，现金真实购买力平均每年衰减2-3%。防御策略：1）配置抗通胀资产（黄金/房产/股票）2）投资自我（技能增值）3）警惕现金陷阱（活期存款过多）。,2345
枪杆子里面出政权。,,毛泽东,权力本质，暴力垄断,韦伯定义的国家三大特征：领土/人民/暴力垄断。现代"暴力"形态包括：1）军事武力2）经济制裁3）舆论控制。理解权力底层逻辑才能有效博弈。,1890
我们想要的不是会飞的汽车，而是会飞的PPT。,,硅谷谚语,科技泡沫，创业现实,科技史显示，90%的"颠覆性宣言"最终落空（如区块链革命）。辨别真伪创新：1）是否存在真实用户付费2）是否解决基础需求（效率/成本）3）技术成熟度曲线位置。,2567
最好的防守就是进攻。,军事格言,拿破仑,战略，企业管理,这句话强调在对抗性环境中积极主动的重要性。在商业实战中，被动防御往往处于劣势，而主动创新和开拓市场能够掌握主动权。企业应该把资源投入到产品创新和市场拓展上，而不是一味防守已有的市场份额。这一战略思维适用于竞争激烈的各行各业。,2789
知识就是力量。,沉思录,培根,教育，个人成长,这句名言深刻阐述了知识对个人发展的重要性。在信息时代，知识已经成为最核心的生产力要素和竞争资本。一个不断学习、持续吸收新知识的人，才能在工作中保持优势，在社会变革中把握机遇。养成终身学习的习惯是每个现代人必备的生存技能。,1678
天下大势，分久必合，合久必分。,三国演义,罗贯中,历史，社会变迁,这句话揭示了中国几千年来中央集权与地方分权交替出现的周期性规律。从管理角度看，组织发展往往也遵循类似的扩张-收缩周期。管理者需要把握这种周期性规律，在企业扩张时注意控制风险，在收缩期又要有长远布局的智慧。这提醒我们要用辩证的发展观看待各种变化。,2345
千里之行，始于足下。,道德经,老子,坚持，行动力，成长,这句话强调任何伟大的事业都要从最基础的一小步开始。在项目管理和产品开发中，我们常常面对浩大的工作任务，但只要保持持续行动，最终就能达成目标。它提醒我们要用循序渐进的方式推进工作，不要被项目的整体复杂度吓倒。,2890
机会总是留给有准备的人。,科学发现相关,巴斯德,机遇，准备，成功,这句名言揭示了成功背后的本质规律。在商业领域，那些看似偶然的市场机会实际上往往会被前期准备充足的企业捕捉。这提醒我们要持续积累专业知识，完善应急预案，才能在真正机遇来临时迅速反应并把握。,1567
少即是多。,建筑学理论,密斯·凡·德罗,设计，哲学，简约,这句设计界的金科玉律同样适用于产品开发。在功能设计上，更精简的解决方案往往能带来更好的用户体验。它教导我们要克制添加不必要功能的冲动，通过减法创造更有价值的产品。,2678
客户就是老板。,商业格言,山姆·沃尔顿,服务，客户体验，商业,这句话直接点明了商业成功的本质。在产品设计中，我们必须始终保持对用户需求的敬畏之心，把解决客户痛点放在第一位。只有真正服务好"老板"，企业才能获得长久的成功。,2345
站在风口上，猪都能飞起来。,互联网行业,雷军,机遇，趋势，商业,这句话揭示了行业机遇的重要性。作为产品经理，我们应该敏锐洞察市场变化，抓住技术革新和用户需求变化的窗口期。同时也要清醒认识到，依赖风口获得的成功是有时效性的，必须同步构建产品的核心竞争力和护城河，才能在风停时依然保持优势地位。,1890
用户想要的不是电钻，而是墙上的洞。,产品设计领域,西奥多·莱维特,需求洞察，用户体验,这句名言深刻揭示了用户表面需求与核心诉求的区别。我们在做产品时，不能停留在用户表达的表面需求，而要挖掘背后真正要解决的问题。这需要我们具备深层需求分析能力，通过用户访谈、场景观察等方法，找到用户的核心痛点，才能设计出真正解决用户问题的产品方案。,2567
早失败，快失败，常失败。,硅谷创业文化,埃里克·里斯,敏捷开发，创业,这句话体现了精益创业的核心思想。在互联网产品开发中，我们要建立快速试错的机制。通过小步快跑的方式快速验证假设，在早期以最小成本试错，而不是在投入大量资源后才发现问题。这条原则提醒我们要建立科学的失败观，将失败视为宝贵的学习机会，建立持续优化的产品迭代机制。,2789
你的第一个版本应该让你感到尴尬。,创业领域,雷德·霍夫曼,MVP，产品开发,这句话强调了MVP（最小可行产品）的重要性。完美主义往往是产品开发的障碍，我们应该尽快推出具备核心功能的产品版本，通过真实用户反馈进行迭代优化。好的产品是逐渐打磨出来的，而不是一次性做完美的。这个原则能帮助团队克服完美主义拖延，更高效地推进产品开发进程。,1678
保持简单，傻瓜也能明白。,用户体验设计,史蒂夫·乔布斯,用户体验，设计,这句话道出了优秀产品设计的真谛。复杂的产品往往会增加用户的学习成本和使用障碍。我们要在产品设计中追求极简理念，减少不必要的功能和操作步骤，使产品使用体验直观易懂。这里的关键在于对产品核心价值的准确把握，以及勇于做减法而不是无节制地做加法的产品决策力。,2345
数据不会说谎，但说谎者会用数据。,数据分析领域,达雷尔·哈夫,数据分析，决策,提醒产品经理要辩证看待数据：一方面要数据驱动，建立完善的指标体系；另一方面要提防"统计陷阱"，了解数据采集和分析中的偏差。真正的数据驱动是结合定量数据与定性洞察，综合判断本质规律。,2890
创新就是把两个旧的点子连在一起。,创新理论,阿瑟·凯斯特勒,创新思维，产品设计,启发我们创新的本质往往不是完全发明新事物，而是发现已有元素的新组合、新场景。在产品开发中，要培养跨领域联想的思维方式，保持对新组合的敏感度，这往往能产生意想不到的创新突破点。,1567
设计不仅是外观，更是好用。,工业设计,迪特·拉姆斯,产品设计，用户体验,强调产品设计要从形式主义走向功能主义。好的设计首先要考虑实用性，包括交互逻辑、人机关系等基础体验。产品经理要避免追求"好看但难用"的陷阱，确保每个设计元素都服务于用户需求和场景。,2678
如果你的产品免费，那么你很可能就是产品。,互联网商业模式,安德鲁·刘易斯,商业模式，用户价值,揭示了免费模式的本质逻辑：当用户免费使用服务时，其注意力和数据就是被交易的商品。产品经理需要理解免费产品真正的价值交换关系，平衡商业目标与用户体验，建立可持续发展的商业模式。,2345
预测未来的最好方法就是创造未来。,科技行业,艾伦·凯,产品愿景，创新,鼓励产品人不要被现状局限，而要主动定义未来。这意味着要建立前瞻性的产品观，通过技术洞察和用户需求预测，提前布局可能改变行业格局的创新产品，引领市场而非追随市场。,1890
聚焦的威力。,《从优秀到卓越》,吉姆·柯林斯,战略聚焦,这提醒产品经理要在有限资源下必须学会取舍。一个产品只能解决1-2个核心痛点，盲目追求功能全面往往会导致资源分散、体验下降。好的产品策略是找到差异化定位，集中火力攻克用户最痛的痛点，在该领域做到极致。,2567
90%的创业死于过早扩张。,创业实践,埃里克·里斯,增长策略,揭示了许多产品失败的根源：在验证PMF(产品市场匹配)前就急于扩张。产品经理要保持战略定力，先在小范围验证核心价值主张，确保解决了真实痛点后，再考虑规模化。切忌为了增长指标而盲目扩张渠道或用户群。,2789
完美是优秀的敌人。,哲学思考,伏尔泰,产品迭代,产品开发中过度追求完美会导致交付延迟错失市场机会。我们应该区分核心体验和次要功能，用MVP快速获取真实反馈。关键在于把握"够好即可"的度，在保证基础体验的前提下持续迭代优化。,1678
简单是终极的复杂。,设计哲学,达·芬奇,用户体验,提醒我们产品简洁性的背后往往是复杂的取舍过程。一个看起来简单好用的产品，需要经过大量的设计和决策删减。产品经理要具备化繁为简的能力，用技术复杂性换取用户使用简单性。,2345
用户抱怨的地方就是创新机会。,创新理论,克雷顿·克里斯滕森,需求洞察,说明用户不满往往暗示未被满足的需求。产品经理应该建立系统的用户反馈收集机制，特别关注那些"虽然不满意但仍在使用"的声音，这通常代表着颠覆性创新的切入点。,2890
